{
  "Total" : {
    "transaction" : "Total",
    "sampleCount" : 20000,
    "errorCount" : 0,
    "errorPct" : 0.0,
    "meanResTime" : 374.4583999999991,
    "medianResTime" : 194.0,
    "minResTime" : 5.0,
    "maxResTime" : 4905.0,
    "pct1ResTime" : 920.9000000000015,
    "pct2ResTime" : 1440.0,
    "pct3ResTime" : 2885.9600000000064,
    "throughput" : 438.0585246188891,
    "receivedKBytesPerSec" : 32102.85879388799,
    "sentKBytesPerSec" : 234.14313699185212
  },
  "HTTP Request" : {
    "transaction" : "HTTP Request",
    "sampleCount" : 20000,
    "errorCount" : 0,
    "errorPct" : 0.0,
    "meanResTime" : 374.4583999999991,
    "medianResTime" : 194.0,
    "minResTime" : 5.0,
    "maxResTime" : 4905.0,
    "pct1ResTime" : 920.9000000000015,
    "pct2ResTime" : 1440.0,
    "pct3ResTime" : 2885.9600000000064,
    "throughput" : 438.0585246188891,
    "receivedKBytesPerSec" : 32102.85879388799,
    "sentKBytesPerSec" : 234.14313699185212
  }
}